INSERT INTO public.users (id, birthday, email, firstname, image_path, lastname, password) VALUES (365, '2017-04-19', '1233hjkl@mail.ru', 'Rob', 'images/1491994236403.jpg', 'Tailor', '$2a$10$fLKk4MiBBm0Ey9oGxfB4ou/EXH.WNE1qhNAE.TmBsyq5iClB2Ekha');
INSERT INTO public.users (id, birthday, email, firstname, image_path, lastname, password) VALUES (372, '1966-04-24', 'tdemonstration@mail.ru', 'Jeck', 'images/1492097780653.jpg', 'Tomson', '$2a$10$S19vOekrLGBjPEgkxZskauAa629ra/6vkXnzT4ces7OcNfK4Y5zE2');
INSERT INTO public.users (id, birthday, email, firstname, image_path, lastname, password) VALUES (139, '1995-08-31', 'Prendota@mail.ru', 'Alexander', './images/DEFAULT_IMAGE.png', 'Prendota', '$2a$10$0IKsw.1oLvNhpN00RtAZp.XzOdbweuRvSfUbAdgygZnW3YUnEr4wG');
INSERT INTO public.users (id, birthday, email, firstname, image_path, lastname, password) VALUES (146, '2017-04-26', 'A@a', 'User', 'images/1491555005452.png', 'Bush', '$2a$10$PWcTngFnAQ1qrh9pugls4O7Ir0KmtuiuZVEs9goAQZd4/7qSDofum');
INSERT INTO public.users (id, birthday, email, firstname, image_path, lastname, password) VALUES (212, '1955-04-25', 'Bob@bob', 'Bob', './images/DEFAULT_IMAGE.png', 'Kelso', '$2a$10$BCm.FxpuybK5Cdsa4FWXZeIoXGlWIt2//6gZfynkZDgIf5Ii4ccIm');
INSERT INTO public.users (id, birthday, email, firstname, image_path, lastname, password) VALUES (115, NULL, 'testUser@text.com', NULL, NULL, NULL, 'pass');
INSERT INTO public.users (id, birthday, email, firstname, image_path, lastname, password) VALUES (228, '1994-02-28', 'mepevekic@doanart.com', 'Tom', './images/DEFAULT_IMAGE.png', 'Jon', '$2a$10$lJj5WdsuB9OFYK4d24/a/uA8TTAxRlB0Com65EzAo3y6pkI2a6hOG');
INSERT INTO public.users (id, birthday, email, firstname, image_path, lastname, password) VALUES (1174, NULL, 'TEST@TEST', NULL, NULL, NULL, 'TEST');
INSERT INTO public.users (id, birthday, email, firstname, image_path, lastname, password) VALUES (364, '1995-04-30', 'argv123@mail.ru', 'Tom', './images/DEFAULT_IMAGE.png', 'Pitd', '$2a$10$ZgZ9K.CfXP9DhNjLafKGO.88RUo.83YFzUVT/ZRg/Tp5e2zcZic9q');
INSERT INTO public.users (id, birthday, email, firstname, image_path, lastname, password) VALUES (129, '2017-03-19', 'S@s', 'Joshe', 'images/1491429806827.jpg', 'Light', '$2a$10$8MDcF2y4BPoAWea5pSn/Fe0rENwMH5YW7.roczlFsfhCD0Jl5KYAC');
INSERT INTO public.roles (id, role) VALUES (444, 'USER');
INSERT INTO public.roles (id, role) VALUES (555, 'ADMIN');
INSERT INTO public.user_roles (user_id, role_id, ctid) VALUES (129, 444, '(0,2)');
INSERT INTO public.user_roles (user_id, role_id, ctid) VALUES (139, 555, '(0,3)');
INSERT INTO public.user_roles (user_id, role_id, ctid) VALUES (115, 444, '(0,4)');
INSERT INTO public.trains (id) VALUES ('F01');
INSERT INTO public.trains (id) VALUES ('A303');
INSERT INTO public.trains (id) VALUES ('SE02');
INSERT INTO public.trains (id) VALUES ('TT30');
INSERT INTO public.trains (id) VALUES ('B18');
INSERT INTO public.trains (id) VALUES ('O34');
INSERT INTO public.trains (id) VALUES ('TEST');
INSERT INTO public.trains (id) VALUES ('TEST_TRAIN');
INSERT INTO public.seats (id, cabine, number, train_id) VALUES (731, 1, 1, 'F01');
INSERT INTO public.seats (id, cabine, number, train_id) VALUES (732, 1, 2, 'F01');
INSERT INTO public.seats (id, cabine, number, train_id) VALUES (733, 1, 3, 'F01');
INSERT INTO public.seats (id, cabine, number, train_id) VALUES (734, 1, 4, 'F01');
INSERT INTO public.seats (id, cabine, number, train_id) VALUES (735, 1, 5, 'F01');
INSERT INTO public.seats (id, cabine, number, train_id) VALUES (736, 1, 6, 'F01');
INSERT INTO public.seats (id, cabine, number, train_id) VALUES (737, 1, 7, 'F01');
INSERT INTO public.seats (id, cabine, number, train_id) VALUES (738, 1, 8, 'F01');
INSERT INTO public.seats (id, cabine, number, train_id) VALUES (739, 1, 9, 'F01');
INSERT INTO public.seats (id, cabine, number, train_id) VALUES (740, 1, 10, 'F01');
INSERT INTO public.seats (id, cabine, number, train_id) VALUES (741, 1, 11, 'F01');
INSERT INTO public.seats (id, cabine, number, train_id) VALUES (742, 1, 12, 'F01');
INSERT INTO public.seats (id, cabine, number, train_id) VALUES (743, 1, 13, 'F01');
INSERT INTO public.seats (id, cabine, number, train_id) VALUES (744, 1, 14, 'F01');
INSERT INTO public.seats (id, cabine, number, train_id) VALUES (745, 1, 15, 'F01');
INSERT INTO public.seats (id, cabine, number, train_id) VALUES (746, 1, 16, 'F01');
INSERT INTO public.seats (id, cabine, number, train_id) VALUES (747, 1, 17, 'F01');
INSERT INTO public.seats (id, cabine, number, train_id) VALUES (748, 1, 18, 'F01');
INSERT INTO public.seats (id, cabine, number, train_id) VALUES (749, 1, 19, 'F01');
INSERT INTO public.seats (id, cabine, number, train_id) VALUES (750, 1, 20, 'F01');
INSERT INTO public.seats (id, cabine, number, train_id) VALUES (751, 2, 1, 'F01');
INSERT INTO public.seats (id, cabine, number, train_id) VALUES (752, 2, 2, 'F01');
INSERT INTO public.seats (id, cabine, number, train_id) VALUES (753, 2, 3, 'F01');
INSERT INTO public.seats (id, cabine, number, train_id) VALUES (754, 2, 4, 'F01');
INSERT INTO public.seats (id, cabine, number, train_id) VALUES (755, 2, 5, 'F01');
INSERT INTO public.seats (id, cabine, number, train_id) VALUES (756, 2, 6, 'F01');
INSERT INTO public.seats (id, cabine, number, train_id) VALUES (757, 2, 7, 'F01');
INSERT INTO public.seats (id, cabine, number, train_id) VALUES (758, 2, 8, 'F01');
INSERT INTO public.seats (id, cabine, number, train_id) VALUES (759, 2, 9, 'F01');
INSERT INTO public.seats (id, cabine, number, train_id) VALUES (760, 2, 10, 'F01');
INSERT INTO public.seats (id, cabine, number, train_id) VALUES (761, 2, 11, 'F01');
INSERT INTO public.seats (id, cabine, number, train_id) VALUES (762, 2, 12, 'F01');
INSERT INTO public.seats (id, cabine, number, train_id) VALUES (763, 2, 13, 'F01');
INSERT INTO public.seats (id, cabine, number, train_id) VALUES (764, 2, 14, 'F01');
INSERT INTO public.seats (id, cabine, number, train_id) VALUES (765, 2, 15, 'F01');
INSERT INTO public.seats (id, cabine, number, train_id) VALUES (766, 2, 16, 'F01');
INSERT INTO public.seats (id, cabine, number, train_id) VALUES (767, 2, 17, 'F01');
INSERT INTO public.seats (id, cabine, number, train_id) VALUES (768, 2, 18, 'F01');
INSERT INTO public.seats (id, cabine, number, train_id) VALUES (769, 2, 19, 'F01');
INSERT INTO public.seats (id, cabine, number, train_id) VALUES (770, 2, 20, 'F01');
INSERT INTO public.seats (id, cabine, number, train_id) VALUES (771, 3, 1, 'F01');
INSERT INTO public.seats (id, cabine, number, train_id) VALUES (772, 3, 2, 'F01');
INSERT INTO public.seats (id, cabine, number, train_id) VALUES (773, 3, 3, 'F01');
INSERT INTO public.seats (id, cabine, number, train_id) VALUES (774, 3, 4, 'F01');
INSERT INTO public.seats (id, cabine, number, train_id) VALUES (775, 3, 5, 'F01');
INSERT INTO public.seats (id, cabine, number, train_id) VALUES (776, 3, 6, 'F01');
INSERT INTO public.seats (id, cabine, number, train_id) VALUES (777, 3, 7, 'F01');
INSERT INTO public.seats (id, cabine, number, train_id) VALUES (778, 3, 8, 'F01');
INSERT INTO public.seats (id, cabine, number, train_id) VALUES (779, 3, 9, 'F01');
INSERT INTO public.seats (id, cabine, number, train_id) VALUES (780, 3, 10, 'F01');
INSERT INTO public.seats (id, cabine, number, train_id) VALUES (781, 3, 11, 'F01');
INSERT INTO public.seats (id, cabine, number, train_id) VALUES (782, 3, 12, 'F01');
INSERT INTO public.seats (id, cabine, number, train_id) VALUES (783, 3, 13, 'F01');
INSERT INTO public.seats (id, cabine, number, train_id) VALUES (784, 3, 14, 'F01');
INSERT INTO public.seats (id, cabine, number, train_id) VALUES (785, 3, 15, 'F01');
INSERT INTO public.seats (id, cabine, number, train_id) VALUES (786, 3, 16, 'F01');
INSERT INTO public.seats (id, cabine, number, train_id) VALUES (787, 3, 17, 'F01');
INSERT INTO public.seats (id, cabine, number, train_id) VALUES (788, 3, 18, 'F01');
INSERT INTO public.seats (id, cabine, number, train_id) VALUES (789, 3, 19, 'F01');
INSERT INTO public.seats (id, cabine, number, train_id) VALUES (790, 3, 20, 'F01');
INSERT INTO public.seats (id, cabine, number, train_id) VALUES (831, 1, 1, 'A303');
INSERT INTO public.seats (id, cabine, number, train_id) VALUES (832, 1, 2, 'A303');
INSERT INTO public.seats (id, cabine, number, train_id) VALUES (833, 1, 3, 'A303');
INSERT INTO public.seats (id, cabine, number, train_id) VALUES (834, 1, 4, 'A303');
INSERT INTO public.seats (id, cabine, number, train_id) VALUES (835, 1, 5, 'A303');
INSERT INTO public.seats (id, cabine, number, train_id) VALUES (836, 1, 6, 'A303');
INSERT INTO public.seats (id, cabine, number, train_id) VALUES (837, 1, 7, 'A303');
INSERT INTO public.seats (id, cabine, number, train_id) VALUES (838, 1, 8, 'A303');
INSERT INTO public.seats (id, cabine, number, train_id) VALUES (839, 1, 9, 'A303');
INSERT INTO public.seats (id, cabine, number, train_id) VALUES (840, 1, 10, 'A303');
INSERT INTO public.seats (id, cabine, number, train_id) VALUES (841, 1, 11, 'A303');
INSERT INTO public.seats (id, cabine, number, train_id) VALUES (842, 1, 12, 'A303');
INSERT INTO public.seats (id, cabine, number, train_id) VALUES (843, 1, 13, 'A303');
INSERT INTO public.seats (id, cabine, number, train_id) VALUES (844, 1, 14, 'A303');
INSERT INTO public.seats (id, cabine, number, train_id) VALUES (845, 1, 15, 'A303');
INSERT INTO public.seats (id, cabine, number, train_id) VALUES (846, 1, 16, 'A303');
INSERT INTO public.seats (id, cabine, number, train_id) VALUES (847, 1, 17, 'A303');
INSERT INTO public.seats (id, cabine, number, train_id) VALUES (848, 1, 18, 'A303');
INSERT INTO public.seats (id, cabine, number, train_id) VALUES (849, 1, 19, 'A303');
INSERT INTO public.seats (id, cabine, number, train_id) VALUES (850, 1, 20, 'A303');
INSERT INTO public.seats (id, cabine, number, train_id) VALUES (851, 2, 1, 'A303');
INSERT INTO public.seats (id, cabine, number, train_id) VALUES (852, 2, 2, 'A303');
INSERT INTO public.seats (id, cabine, number, train_id) VALUES (853, 2, 3, 'A303');
INSERT INTO public.seats (id, cabine, number, train_id) VALUES (854, 2, 4, 'A303');
INSERT INTO public.seats (id, cabine, number, train_id) VALUES (855, 2, 5, 'A303');
INSERT INTO public.seats (id, cabine, number, train_id) VALUES (856, 2, 6, 'A303');
INSERT INTO public.seats (id, cabine, number, train_id) VALUES (857, 2, 7, 'A303');
INSERT INTO public.seats (id, cabine, number, train_id) VALUES (858, 2, 8, 'A303');
INSERT INTO public.seats (id, cabine, number, train_id) VALUES (859, 2, 9, 'A303');
INSERT INTO public.seats (id, cabine, number, train_id) VALUES (860, 2, 10, 'A303');
INSERT INTO public.seats (id, cabine, number, train_id) VALUES (861, 2, 11, 'A303');
INSERT INTO public.seats (id, cabine, number, train_id) VALUES (862, 2, 12, 'A303');
INSERT INTO public.seats (id, cabine, number, train_id) VALUES (863, 2, 13, 'A303');
INSERT INTO public.seats (id, cabine, number, train_id) VALUES (864, 2, 14, 'A303');
INSERT INTO public.seats (id, cabine, number, train_id) VALUES (865, 2, 15, 'A303');
INSERT INTO public.seats (id, cabine, number, train_id) VALUES (866, 2, 16, 'A303');
INSERT INTO public.seats (id, cabine, number, train_id) VALUES (867, 2, 17, 'A303');
INSERT INTO public.seats (id, cabine, number, train_id) VALUES (868, 2, 18, 'A303');
INSERT INTO public.seats (id, cabine, number, train_id) VALUES (869, 2, 19, 'A303');
INSERT INTO public.seats (id, cabine, number, train_id) VALUES (870, 2, 20, 'A303');
INSERT INTO public.seats (id, cabine, number, train_id) VALUES (871, 3, 1, 'A303');
INSERT INTO public.seats (id, cabine, number, train_id) VALUES (872, 3, 2, 'A303');
INSERT INTO public.seats (id, cabine, number, train_id) VALUES (873, 3, 3, 'A303');
INSERT INTO public.seats (id, cabine, number, train_id) VALUES (874, 3, 4, 'A303');
INSERT INTO public.seats (id, cabine, number, train_id) VALUES (875, 3, 5, 'A303');
INSERT INTO public.seats (id, cabine, number, train_id) VALUES (876, 3, 6, 'A303');
INSERT INTO public.seats (id, cabine, number, train_id) VALUES (877, 3, 7, 'A303');
INSERT INTO public.seats (id, cabine, number, train_id) VALUES (878, 3, 8, 'A303');
INSERT INTO public.seats (id, cabine, number, train_id) VALUES (879, 3, 9, 'A303');
INSERT INTO public.seats (id, cabine, number, train_id) VALUES (880, 3, 10, 'A303');
INSERT INTO public.seats (id, cabine, number, train_id) VALUES (881, 3, 11, 'A303');
INSERT INTO public.seats (id, cabine, number, train_id) VALUES (882, 3, 12, 'A303');
INSERT INTO public.seats (id, cabine, number, train_id) VALUES (883, 3, 13, 'A303');
INSERT INTO public.seats (id, cabine, number, train_id) VALUES (884, 3, 14, 'A303');
INSERT INTO public.seats (id, cabine, number, train_id) VALUES (885, 3, 15, 'A303');
INSERT INTO public.seats (id, cabine, number, train_id) VALUES (886, 3, 16, 'A303');
INSERT INTO public.seats (id, cabine, number, train_id) VALUES (887, 3, 17, 'A303');
INSERT INTO public.seats (id, cabine, number, train_id) VALUES (888, 3, 18, 'A303');
INSERT INTO public.seats (id, cabine, number, train_id) VALUES (889, 3, 19, 'A303');
INSERT INTO public.seats (id, cabine, number, train_id) VALUES (890, 3, 20, 'A303');
INSERT INTO public.seats (id, cabine, number, train_id) VALUES (891, 4, 1, 'A303');
INSERT INTO public.seats (id, cabine, number, train_id) VALUES (892, 4, 2, 'A303');
INSERT INTO public.seats (id, cabine, number, train_id) VALUES (893, 4, 3, 'A303');
INSERT INTO public.seats (id, cabine, number, train_id) VALUES (894, 4, 4, 'A303');
INSERT INTO public.seats (id, cabine, number, train_id) VALUES (895, 4, 5, 'A303');
INSERT INTO public.seats (id, cabine, number, train_id) VALUES (896, 4, 6, 'A303');
INSERT INTO public.seats (id, cabine, number, train_id) VALUES (897, 4, 7, 'A303');
INSERT INTO public.seats (id, cabine, number, train_id) VALUES (898, 4, 8, 'A303');
INSERT INTO public.seats (id, cabine, number, train_id) VALUES (899, 4, 9, 'A303');
INSERT INTO public.seats (id, cabine, number, train_id) VALUES (900, 4, 10, 'A303');
INSERT INTO public.seats (id, cabine, number, train_id) VALUES (901, 4, 11, 'A303');
INSERT INTO public.seats (id, cabine, number, train_id) VALUES (902, 4, 12, 'A303');
INSERT INTO public.seats (id, cabine, number, train_id) VALUES (903, 4, 13, 'A303');
INSERT INTO public.seats (id, cabine, number, train_id) VALUES (904, 4, 14, 'A303');
INSERT INTO public.seats (id, cabine, number, train_id) VALUES (905, 4, 15, 'A303');
INSERT INTO public.seats (id, cabine, number, train_id) VALUES (906, 4, 16, 'A303');
INSERT INTO public.seats (id, cabine, number, train_id) VALUES (907, 4, 17, 'A303');
INSERT INTO public.seats (id, cabine, number, train_id) VALUES (908, 4, 18, 'A303');
INSERT INTO public.seats (id, cabine, number, train_id) VALUES (909, 4, 19, 'A303');
INSERT INTO public.seats (id, cabine, number, train_id) VALUES (910, 4, 20, 'A303');
INSERT INTO public.seats (id, cabine, number, train_id) VALUES (911, 1, 1, 'SE02');
INSERT INTO public.seats (id, cabine, number, train_id) VALUES (912, 1, 2, 'SE02');
INSERT INTO public.seats (id, cabine, number, train_id) VALUES (913, 1, 3, 'SE02');
INSERT INTO public.seats (id, cabine, number, train_id) VALUES (914, 1, 4, 'SE02');
INSERT INTO public.seats (id, cabine, number, train_id) VALUES (915, 1, 5, 'SE02');
INSERT INTO public.seats (id, cabine, number, train_id) VALUES (916, 1, 6, 'SE02');
INSERT INTO public.seats (id, cabine, number, train_id) VALUES (917, 1, 7, 'SE02');
INSERT INTO public.seats (id, cabine, number, train_id) VALUES (918, 1, 8, 'SE02');
INSERT INTO public.seats (id, cabine, number, train_id) VALUES (919, 1, 9, 'SE02');
INSERT INTO public.seats (id, cabine, number, train_id) VALUES (920, 1, 10, 'SE02');
INSERT INTO public.seats (id, cabine, number, train_id) VALUES (921, 1, 11, 'SE02');
INSERT INTO public.seats (id, cabine, number, train_id) VALUES (922, 1, 12, 'SE02');
INSERT INTO public.seats (id, cabine, number, train_id) VALUES (923, 1, 13, 'SE02');
INSERT INTO public.seats (id, cabine, number, train_id) VALUES (924, 1, 14, 'SE02');
INSERT INTO public.seats (id, cabine, number, train_id) VALUES (925, 1, 15, 'SE02');
INSERT INTO public.seats (id, cabine, number, train_id) VALUES (926, 1, 16, 'SE02');
INSERT INTO public.seats (id, cabine, number, train_id) VALUES (927, 1, 17, 'SE02');
INSERT INTO public.seats (id, cabine, number, train_id) VALUES (928, 1, 18, 'SE02');
INSERT INTO public.seats (id, cabine, number, train_id) VALUES (929, 1, 19, 'SE02');
INSERT INTO public.seats (id, cabine, number, train_id) VALUES (930, 1, 20, 'SE02');
INSERT INTO public.seats (id, cabine, number, train_id) VALUES (931, 2, 1, 'SE02');
INSERT INTO public.seats (id, cabine, number, train_id) VALUES (932, 2, 2, 'SE02');
INSERT INTO public.seats (id, cabine, number, train_id) VALUES (933, 2, 3, 'SE02');
INSERT INTO public.seats (id, cabine, number, train_id) VALUES (934, 2, 4, 'SE02');
INSERT INTO public.seats (id, cabine, number, train_id) VALUES (935, 2, 5, 'SE02');
INSERT INTO public.seats (id, cabine, number, train_id) VALUES (936, 2, 6, 'SE02');
INSERT INTO public.seats (id, cabine, number, train_id) VALUES (937, 2, 7, 'SE02');
INSERT INTO public.seats (id, cabine, number, train_id) VALUES (938, 2, 8, 'SE02');
INSERT INTO public.seats (id, cabine, number, train_id) VALUES (939, 2, 9, 'SE02');
INSERT INTO public.seats (id, cabine, number, train_id) VALUES (940, 2, 10, 'SE02');
INSERT INTO public.seats (id, cabine, number, train_id) VALUES (941, 2, 11, 'SE02');
INSERT INTO public.seats (id, cabine, number, train_id) VALUES (942, 2, 12, 'SE02');
INSERT INTO public.seats (id, cabine, number, train_id) VALUES (943, 2, 13, 'SE02');
INSERT INTO public.seats (id, cabine, number, train_id) VALUES (944, 2, 14, 'SE02');
INSERT INTO public.seats (id, cabine, number, train_id) VALUES (945, 2, 15, 'SE02');
INSERT INTO public.seats (id, cabine, number, train_id) VALUES (946, 2, 16, 'SE02');
INSERT INTO public.seats (id, cabine, number, train_id) VALUES (947, 2, 17, 'SE02');
INSERT INTO public.seats (id, cabine, number, train_id) VALUES (948, 2, 18, 'SE02');
INSERT INTO public.seats (id, cabine, number, train_id) VALUES (949, 2, 19, 'SE02');
INSERT INTO public.seats (id, cabine, number, train_id) VALUES (950, 2, 20, 'SE02');
INSERT INTO public.seats (id, cabine, number, train_id) VALUES (951, 1, 1, 'TT30');
INSERT INTO public.seats (id, cabine, number, train_id) VALUES (952, 1, 2, 'TT30');
INSERT INTO public.seats (id, cabine, number, train_id) VALUES (953, 1, 3, 'TT30');
INSERT INTO public.seats (id, cabine, number, train_id) VALUES (954, 1, 4, 'TT30');
INSERT INTO public.seats (id, cabine, number, train_id) VALUES (955, 1, 5, 'TT30');
INSERT INTO public.seats (id, cabine, number, train_id) VALUES (956, 1, 6, 'TT30');
INSERT INTO public.seats (id, cabine, number, train_id) VALUES (957, 1, 7, 'TT30');
INSERT INTO public.seats (id, cabine, number, train_id) VALUES (958, 1, 8, 'TT30');
INSERT INTO public.seats (id, cabine, number, train_id) VALUES (959, 1, 9, 'TT30');
INSERT INTO public.seats (id, cabine, number, train_id) VALUES (960, 1, 10, 'TT30');
INSERT INTO public.seats (id, cabine, number, train_id) VALUES (961, 1, 11, 'TT30');
INSERT INTO public.seats (id, cabine, number, train_id) VALUES (962, 1, 12, 'TT30');
INSERT INTO public.seats (id, cabine, number, train_id) VALUES (963, 1, 13, 'TT30');
INSERT INTO public.seats (id, cabine, number, train_id) VALUES (964, 1, 14, 'TT30');
INSERT INTO public.seats (id, cabine, number, train_id) VALUES (965, 1, 15, 'TT30');
INSERT INTO public.seats (id, cabine, number, train_id) VALUES (966, 1, 16, 'TT30');
INSERT INTO public.seats (id, cabine, number, train_id) VALUES (967, 1, 17, 'TT30');
INSERT INTO public.seats (id, cabine, number, train_id) VALUES (968, 1, 18, 'TT30');
INSERT INTO public.seats (id, cabine, number, train_id) VALUES (969, 1, 19, 'TT30');
INSERT INTO public.seats (id, cabine, number, train_id) VALUES (970, 1, 20, 'TT30');
INSERT INTO public.seats (id, cabine, number, train_id) VALUES (971, 2, 1, 'TT30');
INSERT INTO public.seats (id, cabine, number, train_id) VALUES (972, 2, 2, 'TT30');
INSERT INTO public.seats (id, cabine, number, train_id) VALUES (973, 2, 3, 'TT30');
INSERT INTO public.seats (id, cabine, number, train_id) VALUES (974, 2, 4, 'TT30');
INSERT INTO public.seats (id, cabine, number, train_id) VALUES (975, 2, 5, 'TT30');
INSERT INTO public.seats (id, cabine, number, train_id) VALUES (976, 2, 6, 'TT30');
INSERT INTO public.seats (id, cabine, number, train_id) VALUES (977, 2, 7, 'TT30');
INSERT INTO public.seats (id, cabine, number, train_id) VALUES (978, 2, 8, 'TT30');
INSERT INTO public.seats (id, cabine, number, train_id) VALUES (979, 2, 9, 'TT30');
INSERT INTO public.seats (id, cabine, number, train_id) VALUES (980, 2, 10, 'TT30');
INSERT INTO public.seats (id, cabine, number, train_id) VALUES (981, 2, 11, 'TT30');
INSERT INTO public.seats (id, cabine, number, train_id) VALUES (982, 2, 12, 'TT30');
INSERT INTO public.seats (id, cabine, number, train_id) VALUES (983, 2, 13, 'TT30');
INSERT INTO public.seats (id, cabine, number, train_id) VALUES (984, 2, 14, 'TT30');
INSERT INTO public.seats (id, cabine, number, train_id) VALUES (985, 2, 15, 'TT30');
INSERT INTO public.seats (id, cabine, number, train_id) VALUES (986, 2, 16, 'TT30');
INSERT INTO public.seats (id, cabine, number, train_id) VALUES (987, 2, 17, 'TT30');
INSERT INTO public.seats (id, cabine, number, train_id) VALUES (988, 2, 18, 'TT30');
INSERT INTO public.seats (id, cabine, number, train_id) VALUES (989, 2, 19, 'TT30');
INSERT INTO public.seats (id, cabine, number, train_id) VALUES (990, 2, 20, 'TT30');
INSERT INTO public.seats (id, cabine, number, train_id) VALUES (991, 3, 1, 'TT30');
INSERT INTO public.seats (id, cabine, number, train_id) VALUES (992, 3, 2, 'TT30');
INSERT INTO public.seats (id, cabine, number, train_id) VALUES (993, 3, 3, 'TT30');
INSERT INTO public.seats (id, cabine, number, train_id) VALUES (994, 3, 4, 'TT30');
INSERT INTO public.seats (id, cabine, number, train_id) VALUES (995, 3, 5, 'TT30');
INSERT INTO public.seats (id, cabine, number, train_id) VALUES (996, 3, 6, 'TT30');
INSERT INTO public.seats (id, cabine, number, train_id) VALUES (997, 3, 7, 'TT30');
INSERT INTO public.seats (id, cabine, number, train_id) VALUES (998, 3, 8, 'TT30');
INSERT INTO public.seats (id, cabine, number, train_id) VALUES (999, 3, 9, 'TT30');
INSERT INTO public.seats (id, cabine, number, train_id) VALUES (1000, 3, 10, 'TT30');
INSERT INTO public.seats (id, cabine, number, train_id) VALUES (1001, 3, 11, 'TT30');
INSERT INTO public.seats (id, cabine, number, train_id) VALUES (1002, 3, 12, 'TT30');
INSERT INTO public.seats (id, cabine, number, train_id) VALUES (1003, 3, 13, 'TT30');
INSERT INTO public.seats (id, cabine, number, train_id) VALUES (1004, 3, 14, 'TT30');
INSERT INTO public.seats (id, cabine, number, train_id) VALUES (1005, 3, 15, 'TT30');
INSERT INTO public.seats (id, cabine, number, train_id) VALUES (1006, 3, 16, 'TT30');
INSERT INTO public.seats (id, cabine, number, train_id) VALUES (1007, 3, 17, 'TT30');
INSERT INTO public.seats (id, cabine, number, train_id) VALUES (1008, 3, 18, 'TT30');
INSERT INTO public.seats (id, cabine, number, train_id) VALUES (1009, 3, 19, 'TT30');
INSERT INTO public.seats (id, cabine, number, train_id) VALUES (1010, 3, 20, 'TT30');
INSERT INTO public.seats (id, cabine, number, train_id) VALUES (1064, 1, 1, 'B18');
INSERT INTO public.seats (id, cabine, number, train_id) VALUES (1065, 1, 2, 'B18');
INSERT INTO public.seats (id, cabine, number, train_id) VALUES (1066, 1, 3, 'B18');
INSERT INTO public.seats (id, cabine, number, train_id) VALUES (1067, 1, 4, 'B18');
INSERT INTO public.seats (id, cabine, number, train_id) VALUES (1068, 1, 5, 'B18');
INSERT INTO public.seats (id, cabine, number, train_id) VALUES (1069, 1, 6, 'B18');
INSERT INTO public.seats (id, cabine, number, train_id) VALUES (1070, 1, 7, 'B18');
INSERT INTO public.seats (id, cabine, number, train_id) VALUES (1071, 1, 8, 'B18');
INSERT INTO public.seats (id, cabine, number, train_id) VALUES (1072, 1, 9, 'B18');
INSERT INTO public.seats (id, cabine, number, train_id) VALUES (1073, 1, 10, 'B18');
INSERT INTO public.seats (id, cabine, number, train_id) VALUES (1074, 1, 11, 'B18');
INSERT INTO public.seats (id, cabine, number, train_id) VALUES (1075, 1, 12, 'B18');
INSERT INTO public.seats (id, cabine, number, train_id) VALUES (1076, 1, 13, 'B18');
INSERT INTO public.seats (id, cabine, number, train_id) VALUES (1077, 1, 14, 'B18');
INSERT INTO public.seats (id, cabine, number, train_id) VALUES (1078, 1, 15, 'B18');
INSERT INTO public.seats (id, cabine, number, train_id) VALUES (1079, 1, 16, 'B18');
INSERT INTO public.seats (id, cabine, number, train_id) VALUES (1080, 1, 17, 'B18');
INSERT INTO public.seats (id, cabine, number, train_id) VALUES (1081, 1, 18, 'B18');
INSERT INTO public.seats (id, cabine, number, train_id) VALUES (1082, 1, 19, 'B18');
INSERT INTO public.seats (id, cabine, number, train_id) VALUES (1083, 1, 20, 'B18');
INSERT INTO public.seats (id, cabine, number, train_id) VALUES (1084, 2, 1, 'B18');
INSERT INTO public.seats (id, cabine, number, train_id) VALUES (1085, 2, 2, 'B18');
INSERT INTO public.seats (id, cabine, number, train_id) VALUES (1086, 2, 3, 'B18');
INSERT INTO public.seats (id, cabine, number, train_id) VALUES (1087, 2, 4, 'B18');
INSERT INTO public.seats (id, cabine, number, train_id) VALUES (1088, 2, 5, 'B18');
INSERT INTO public.seats (id, cabine, number, train_id) VALUES (1089, 2, 6, 'B18');
INSERT INTO public.seats (id, cabine, number, train_id) VALUES (1090, 2, 7, 'B18');
INSERT INTO public.seats (id, cabine, number, train_id) VALUES (1091, 2, 8, 'B18');
INSERT INTO public.seats (id, cabine, number, train_id) VALUES (1092, 2, 9, 'B18');
INSERT INTO public.seats (id, cabine, number, train_id) VALUES (1093, 2, 10, 'B18');
INSERT INTO public.seats (id, cabine, number, train_id) VALUES (1094, 2, 11, 'B18');
INSERT INTO public.seats (id, cabine, number, train_id) VALUES (1095, 2, 12, 'B18');
INSERT INTO public.seats (id, cabine, number, train_id) VALUES (1096, 2, 13, 'B18');
INSERT INTO public.seats (id, cabine, number, train_id) VALUES (1097, 2, 14, 'B18');
INSERT INTO public.seats (id, cabine, number, train_id) VALUES (1098, 2, 15, 'B18');
INSERT INTO public.seats (id, cabine, number, train_id) VALUES (1099, 2, 16, 'B18');
INSERT INTO public.seats (id, cabine, number, train_id) VALUES (1100, 2, 17, 'B18');
INSERT INTO public.seats (id, cabine, number, train_id) VALUES (1101, 2, 18, 'B18');
INSERT INTO public.seats (id, cabine, number, train_id) VALUES (1102, 2, 19, 'B18');
INSERT INTO public.seats (id, cabine, number, train_id) VALUES (1103, 2, 20, 'B18');
INSERT INTO public.seats (id, cabine, number, train_id) VALUES (1104, 3, 1, 'B18');
INSERT INTO public.seats (id, cabine, number, train_id) VALUES (1105, 3, 2, 'B18');
INSERT INTO public.seats (id, cabine, number, train_id) VALUES (1106, 3, 3, 'B18');
INSERT INTO public.seats (id, cabine, number, train_id) VALUES (1107, 3, 4, 'B18');
INSERT INTO public.seats (id, cabine, number, train_id) VALUES (1108, 3, 5, 'B18');
INSERT INTO public.seats (id, cabine, number, train_id) VALUES (1109, 3, 6, 'B18');
INSERT INTO public.seats (id, cabine, number, train_id) VALUES (1110, 3, 7, 'B18');
INSERT INTO public.seats (id, cabine, number, train_id) VALUES (1111, 3, 8, 'B18');
INSERT INTO public.seats (id, cabine, number, train_id) VALUES (1112, 3, 9, 'B18');
INSERT INTO public.seats (id, cabine, number, train_id) VALUES (1113, 3, 10, 'B18');
INSERT INTO public.seats (id, cabine, number, train_id) VALUES (1114, 3, 11, 'B18');
INSERT INTO public.seats (id, cabine, number, train_id) VALUES (1115, 3, 12, 'B18');
INSERT INTO public.seats (id, cabine, number, train_id) VALUES (1116, 3, 13, 'B18');
INSERT INTO public.seats (id, cabine, number, train_id) VALUES (1117, 3, 14, 'B18');
INSERT INTO public.seats (id, cabine, number, train_id) VALUES (1118, 3, 15, 'B18');
INSERT INTO public.seats (id, cabine, number, train_id) VALUES (1119, 3, 16, 'B18');
INSERT INTO public.seats (id, cabine, number, train_id) VALUES (1120, 3, 17, 'B18');
INSERT INTO public.seats (id, cabine, number, train_id) VALUES (1121, 3, 18, 'B18');
INSERT INTO public.seats (id, cabine, number, train_id) VALUES (1122, 3, 19, 'B18');
INSERT INTO public.seats (id, cabine, number, train_id) VALUES (1123, 3, 20, 'B18');
INSERT INTO public.seats (id, cabine, number, train_id) VALUES (1124, 1, 1, 'O34');
INSERT INTO public.seats (id, cabine, number, train_id) VALUES (1125, 1, 2, 'O34');
INSERT INTO public.seats (id, cabine, number, train_id) VALUES (1126, 1, 3, 'O34');
INSERT INTO public.seats (id, cabine, number, train_id) VALUES (1127, 1, 4, 'O34');
INSERT INTO public.seats (id, cabine, number, train_id) VALUES (1128, 1, 5, 'O34');
INSERT INTO public.seats (id, cabine, number, train_id) VALUES (1129, 1, 6, 'O34');
INSERT INTO public.seats (id, cabine, number, train_id) VALUES (1130, 1, 7, 'O34');
INSERT INTO public.seats (id, cabine, number, train_id) VALUES (1131, 1, 8, 'O34');
INSERT INTO public.seats (id, cabine, number, train_id) VALUES (1132, 1, 9, 'O34');
INSERT INTO public.seats (id, cabine, number, train_id) VALUES (1133, 1, 10, 'O34');
INSERT INTO public.seats (id, cabine, number, train_id) VALUES (1134, 1, 11, 'O34');
INSERT INTO public.seats (id, cabine, number, train_id) VALUES (1135, 1, 12, 'O34');
INSERT INTO public.seats (id, cabine, number, train_id) VALUES (1136, 1, 13, 'O34');
INSERT INTO public.seats (id, cabine, number, train_id) VALUES (1137, 1, 14, 'O34');
INSERT INTO public.seats (id, cabine, number, train_id) VALUES (1138, 1, 15, 'O34');
INSERT INTO public.seats (id, cabine, number, train_id) VALUES (1139, 1, 16, 'O34');
INSERT INTO public.seats (id, cabine, number, train_id) VALUES (1140, 1, 17, 'O34');
INSERT INTO public.seats (id, cabine, number, train_id) VALUES (1141, 1, 18, 'O34');
INSERT INTO public.seats (id, cabine, number, train_id) VALUES (1142, 1, 19, 'O34');
INSERT INTO public.seats (id, cabine, number, train_id) VALUES (1143, 1, 20, 'O34');
INSERT INTO public.seats (id, cabine, number, train_id) VALUES (1144, 2, 1, 'O34');
INSERT INTO public.seats (id, cabine, number, train_id) VALUES (1145, 2, 2, 'O34');
INSERT INTO public.seats (id, cabine, number, train_id) VALUES (1146, 2, 3, 'O34');
INSERT INTO public.seats (id, cabine, number, train_id) VALUES (1147, 2, 4, 'O34');
INSERT INTO public.seats (id, cabine, number, train_id) VALUES (1148, 2, 5, 'O34');
INSERT INTO public.seats (id, cabine, number, train_id) VALUES (1149, 2, 6, 'O34');
INSERT INTO public.seats (id, cabine, number, train_id) VALUES (1150, 2, 7, 'O34');
INSERT INTO public.seats (id, cabine, number, train_id) VALUES (1151, 2, 8, 'O34');
INSERT INTO public.seats (id, cabine, number, train_id) VALUES (1152, 2, 9, 'O34');
INSERT INTO public.seats (id, cabine, number, train_id) VALUES (1153, 2, 10, 'O34');
INSERT INTO public.seats (id, cabine, number, train_id) VALUES (1154, 2, 11, 'O34');
INSERT INTO public.seats (id, cabine, number, train_id) VALUES (1155, 2, 12, 'O34');
INSERT INTO public.seats (id, cabine, number, train_id) VALUES (1156, 2, 13, 'O34');
INSERT INTO public.seats (id, cabine, number, train_id) VALUES (1157, 2, 14, 'O34');
INSERT INTO public.seats (id, cabine, number, train_id) VALUES (1158, 2, 15, 'O34');
INSERT INTO public.seats (id, cabine, number, train_id) VALUES (1159, 2, 16, 'O34');
INSERT INTO public.seats (id, cabine, number, train_id) VALUES (1160, 2, 17, 'O34');
INSERT INTO public.seats (id, cabine, number, train_id) VALUES (1161, 2, 18, 'O34');
INSERT INTO public.seats (id, cabine, number, train_id) VALUES (1162, 2, 19, 'O34');
INSERT INTO public.seats (id, cabine, number, train_id) VALUES (1163, 2, 20, 'O34');
INSERT INTO public.schedules (id, time_arrival, time_departure, station_arrival_id, station_departure_id, train_id) VALUES (1011, '2017-05-11 21:00:00', '2017-05-11 10:00:00', 10019, 194, 'F01');
INSERT INTO public.schedules (id, time_arrival, time_departure, station_arrival_id, station_departure_id, train_id) VALUES (1167, '2017-06-02 06:00:00', '2017-06-01 04:00:00', 10019, 130, 'SE02');
INSERT INTO public.schedules (id, time_arrival, time_departure, station_arrival_id, station_departure_id, train_id) VALUES (1057, '2017-04-30 23:00:00', '2017-04-29 22:30:00', 10024, 10002, 'A303');
INSERT INTO public.schedules (id, time_arrival, time_departure, station_arrival_id, station_departure_id, train_id) VALUES (1059, '2017-06-01 06:00:00', '2017-06-01 02:00:00', 130, 361, 'TT30');
INSERT INTO public.schedules (id, time_arrival, time_departure, station_arrival_id, station_departure_id, train_id) VALUES (1060, '2017-06-02 17:00:00', '2017-06-01 22:00:00', 10019, 130, 'F01');
INSERT INTO public.schedules (id, time_arrival, time_departure, station_arrival_id, station_departure_id, train_id) VALUES (1015, '2017-05-21 07:00:00', '2017-05-20 21:00:00', 1014, 361, 'SE02');
INSERT INTO public.schedules (id, time_arrival, time_departure, station_arrival_id, station_departure_id, train_id) VALUES (1164, '2017-06-02 02:00:00', '2017-06-01 18:00:00', 1014, 361, 'B18');
INSERT INTO public.schedules (id, time_arrival, time_departure, station_arrival_id, station_departure_id, train_id) VALUES (1166, '2017-06-03 10:00:00', '2017-06-02 06:00:00', 10019, 1014, 'A303');
INSERT INTO public.schedules (id, time_arrival, time_departure, station_arrival_id, station_departure_id, train_id) VALUES (1165, '2017-06-03 12:00:00', '2017-06-02 04:00:00', 10019, 1014, 'O34');
INSERT INTO public.tickets (id, user_id) VALUES (1012, 129);
INSERT INTO public.tickets (id, user_id) VALUES (1019, 129);
INSERT INTO public.rides (id, time_arrival, time_departure, seat_id, station_arrival_id, station_departure_id, ticket_id, train_id) VALUES (1020, '2017-05-21 08:00:00', '2017-05-20 22:00:00', 936, 1014, 361, 1019, 'SE02');
INSERT INTO public.rides (id, time_arrival, time_departure, seat_id, station_arrival_id, station_departure_id, ticket_id, train_id) VALUES (1013, '2017-05-11 21:00:00', '2017-05-11 10:00:00', 756, 10019, 194, 1012, 'F01');
